1	<program>	=>	<global_decl>	<recipe_decl>	start	(	)	<platter>		
2	<global_decl>	=>	piece	<piece_decl>	<global_decl>					
3	<global_decl>	=>	chars	<chars_decl>	<global_decl>					
4	<global_decl>	=>	sip	<sip_decl>	<global_decl>					
5	<global_decl>	=>	flag	<flag_decl>	<global_decl>					
6	<global_decl>	=>	<table_prototype>	<global_decl>						
7	<global_decl>	=>	id	<table_decl>	<global_decl>					
8	<global_decl>	=>	λ							
9	<piece_decl>	=>	of	<piece_id>	;					
10	<piece_decl>	=>	<decl_type>							
11	<piece_id>	=>	id	<piece_ingredient_init>	<piece_id_tail>					
12	<piece_ingredient_init>	=>	=	<strict_piece_expr>						
13	<piece_ingredient_init>	=>	λ							
14	<strict_piece_expr>	=>	<strict_piece_term>	<strict_piece_add_tail>						
15	<strict_piece_term>	=>	<strict_piece_factor>	<strict_piece_mult_tail>						
16	<strict_piece_factor>	=>	<ret_piece>							
17	<strict_piece_factor>	=>	<id>							
18	<strict_piece_factor>	=>	(	<strict_piece_expr>	)					
19	<ret_piece>	=>	topiece	(	<any_expr>	)				
20	<ret_piece>	=>	size	(	<strict_array_expr>	)				
21	<ret_piece>	=>	search	(	<strict_array_expr>	,	<value>	)		
22	<ret_piece>	=>	fact	(	<strict_piece_expr>	)				
23	<ret_piece>	=>	pow	(	<strict_piece_expr>	,	<strict_piece_expr>	)		
24	<ret_piece>	=>	piece_lit							
25	<any_expr>	=>	<ret_piece>	<piece_mult_tail>	<piece_add_tail>	<piece_rel_gate>				
26	<any_expr>	=>	<ret_sip>	<sip_mult_tail>	<sip_add_tail>	<sip_rel_gate>				
27	<any_expr>	=>	<ret_chars>	<chars_add_tail>	<chars_rel_gate>					
28	<any_expr>	=>	<ret_flag>	<flag_logic_tail>						
29	<any_expr>	=>	<id>	<univ_mult_tail>	<univ_add_tail>	<univ_rel_gate>				
30	<any_expr>	=>	(	<paren_dispatch>						
31	<any_expr>	=>	not	<must_be_flag>						
32	<piece_mult_tail>	=>	*	<piece_factor>	<piece_mult_tail>					
33	<piece_mult_tail>	=>	/	<piece_factor>	<piece_mult_tail>					
34	<piece_mult_tail>	=>	%	<piece_factor>	<piece_mult_tail>					
35	<piece_mult_tail>	=>	λ							
36	<piece_factor>	=>	<ret_piece>							
37	<piece_factor>	=>	<id>							
38	<piece_factor>	=>	(	<piece_inner_dispatch>						
39	<id>	=>	id	<id_tail>						
40	<id>	=>	<ret_array>	<array_accessor>						
41	<id_tail>	=>	<call_tailopt>	<accessor_tail>						
42	<call_tailopt>	=>	(	<flavor>	)					
43	<call_tailopt>	=>	λ							
44	<flavor>	=>	<value>	<flavor_tail>						
45	<flavor>	=>	λ							
46	<value>	=>	<ret_piece>	<piece_mult_tail>	<piece_add_tail>	<piece_rel_gate>				
47	<value>	=>	<ret_sip>	<sip_mult_tail>	<sip_add_tail>	<sip_rel_gate>				
48	<value>	=>	<ret_chars>	<chars_add_tail>	<chars_rel_gate>					
49	<value>	=>	<ret_flag>	<flag_logic_tail>						
50	<value>	=>	(	<paren_dispatch>						
51	<value>	=>	not	<must_be_flag>						
52	<value>	=>	[	<notation_val>	]					
53	<value>	=>	<ret_array>	<value_tail>						
54	<value>	=>	id	<univ_mult_tail>	<univ_add_tail>	<univ_rel_gate>				
55	<piece_add_tail>	=>	+	<piece_term>	<piece_add_tail>					
56	<piece_add_tail>	=>	-	<piece_term>	<piece_add_tail>					
57	<piece_add_tail>	=>	λ							
58	<piece_term>	=>	<piece_factor>	<piece_mult_tail>						
59	<piece_rel_gate>	=>	==	<piece_expr>	<flag_logic_tail>					
60	<piece_rel_gate>	=>	!=	<piece_expr>	<flag_logic_tail>					
61	<piece_rel_gate>	=>	<=	<piece_expr>	<flag_logic_tail>					
62	<piece_rel_gate>	=>	>=	<piece_expr>	<flag_logic_tail>					
63	<piece_rel_gate>	=>	<	<piece_expr>	<flag_logic_tail>					
64	<piece_rel_gate>	=>	>	<piece_expr>	<flag_logic_tail>					
65	<piece_rel_gate>	=>	λ							
66	<piece_expr>	=>	<piece_term>	<piece_add_tail>						
67	<flag_logic_tail>	=>	and	<must_be_flag>						
68	<flag_logic_tail>	=>	or	<must_be_flag>						
69	<flag_logic_tail>	=>	==	<must_be_flag>						
70	<flag_logic_tail>	=>	!=	<must_be_flag>						
71	<flag_logic_tail>	=>	λ							
72	<must_be_flag>	=>	<ret_piece>	<piece_mult_tail>	<piece_add_tail>	<piece_trap_gate>				
73	<must_be_flag>	=>	<ret_sip>	<sip_mult_tail>	<sip_add_tail>	<sip_trap_gate>				
74	<must_be_flag>	=>	<ret_chars>	<chars_add_tail>	<chars_trap_gate>					
75	<must_be_flag>	=>	<ret_flag>	<flag_logic_tail>						
76	<must_be_flag>	=>	<id>	<univ_mult_tail>	<univ_add_tail>	<univ_rel_gate>				
77	<must_be_flag>	=>	(	<paren_dispatch>	<flag_after_paren>					
78	<must_be_flag>	=>	not	<must_be_flag>						
79	<piece_trap_gate>	=>	==	<piece_expr>	<flag_logic_tail>					
80	<piece_trap_gate>	=>	!=	<piece_expr>	<flag_logic_tail>					
81	<piece_trap_gate>	=>	<=	<piece_expr>	<flag_logic_tail>					
82	<piece_trap_gate>	=>	>=	<piece_expr>	<flag_logic_tail>					
83	<piece_trap_gate>	=>	<	<piece_expr>	<flag_logic_tail>					
84	<piece_trap_gate>	=>	>	<piece_expr>	<flag_logic_tail>					
85	<ret_sip>	=>	sqrt	(	<strict_piece_expr>	)				
86	<ret_sip>	=>	rand	(	)					
87	<ret_sip>	=>	tosip	(	<any_expr>	)				
88	<ret_sip>	=>	sip_lit							
89	<sip_mult_tail>	=>	*	<sip_factor>	<sip_mult_tail>					
90	<sip_mult_tail>	=>	/	<sip_factor>	<sip_mult_tail>					
91	<sip_mult_tail>	=>	λ							
92	<sip_factor>	=>	<ret_sip>							
93	<sip_factor>	=>	<id>							
94	<sip_factor>	=>	(	<sip_inner_dispatch>						
95	<sip_inner_dispatch>	=>	<ret_sip>	<sip_mult_tail>	<sip_add_tail>	<sip_bridge_recurse>				
96	<sip_inner_dispatch>	=>	<id>	<sip_mult_tail>	<sip_add_tail>	<sip_bridge_recurse>				
97	<sip_inner_dispatch>	=>	(	<sip_inner_dispatch>	<sip_close_recurse>					
98	<sip_add_tail>	=>	+	<sip_term>	<sip_add_tail>					
99	<sip_add_tail>	=>	-	<sip_term>	<sip_add_tail>					
100	<sip_add_tail>	=>	λ							
101	<sip_term>	=>	<sip_factor>	<sip_mult_tail>						
102	<sip_bridge_recurse>	=>	)							
103	<sip_close_recurse>	=>	)							
104	<sip_trap_gate>	=>	==	<sip_expr>	<flag_logic_tail>					
105	<sip_trap_gate>	=>	!=	<sip_expr>	<flag_logic_tail>					
106	<sip_trap_gate>	=>	<=	<sip_expr>	<flag_logic_tail>					
107	<sip_trap_gate>	=>	>=	<sip_expr>	<flag_logic_tail>					
108	<sip_trap_gate>	=>	<	<sip_expr>	<flag_logic_tail>					
109	<sip_trap_gate>	=>	>	<sip_expr>	<flag_logic_tail>					
110	<sip_expr>	=>	<sip_term>	<sip_add_tail>						
111	<ret_chars>	=>	bill	(	<strict_chars_expr>	)				
112	<ret_chars>	=>	take	(	)					
113	<ret_chars>	=>	copy	(	<strict_chars_expr>	,	<strict_piece_expr>	,	<strict_piece_expr>	)
114	<ret_chars>	=>	cut	(	<strict_sip_expr>	,	<strict_sip_expr>	)		
115	<ret_chars>	=>	tochars	(	<any_expr>	)				
116	<ret_chars>	=>	chars_lit							
117	<strict_chars_expr>	=>	<strict_chars_factor>	<strict_chars_add_tail>						
118	<strict_chars_factor>	=>	<ret_chars>							
119	<strict_chars_factor>	=>	<id>							
120	<strict_chars_factor>	=>	(	<strict_chars_expr>	)					
121	<strict_chars_add_tail>	=>	+	<strict_chars_factor>	<strict_chars_add_tail>					
122	<strict_chars_add_tail>	=>	λ							
123	<strict_sip_expr>	=>	<strict_sip_term>	<strict_sip_add_tail>						
124	<strict_sip_term>	=>	<strict_sip_factor>	<strict_sip_mult_tail>						
125	<strict_sip_factor>	=>	<ret_sip>							
126	<strict_sip_factor>	=>	<id>							
127	<strict_sip_factor>	=>	(	<strict_sip_expr>	)					
128	<strict_sip_mult_tail>	=>	*	<strict_sip_factor>	<strict_sip_mult_tail>					
129	<strict_sip_mult_tail>	=>	/	<strict_sip_factor>	<strict_sip_mult_tail>					
130	<strict_sip_mult_tail>	=>	λ							
131	<strict_sip_add_tail>	=>	+	<strict_sip_term>	<strict_sip_add_tail>					
132	<strict_sip_add_tail>	=>	-	<strict_sip_term>	<strict_sip_add_tail>					
133	<strict_sip_add_tail>	=>	λ							
134	<chars_add_tail>	=>	+	<chars_factor>	<chars_add_tail>					
135	<chars_add_tail>	=>	λ							
136	<chars_factor>	=>	<ret_chars>							
137	<chars_factor>	=>	<id>							
138	<chars_factor>	=>	(	<chars_inner_dispatch>						
139	<chars_inner_dispatch>	=>	<ret_chars>	<chars_add_tail>	<chars_bridge_recurse>					
140	<chars_inner_dispatch>	=>	<id>	<chars_add_tail>	<chars_bridge_recurse>					
141	<chars_inner_dispatch>	=>	(	<chars_inner_dispatch>	<chars_close_recurse>					
142	<chars_bridge_recurse>	=>	)							
143	<chars_close_recurse>	=>	)							
144	<chars_trap_gate>	=>	==	<chars_expr>	<flag_logic_tail>					
145	<chars_trap_gate>	=>	!=	<chars_expr>	<flag_logic_tail>					
146	<chars_trap_gate>	=>	<=	<chars_expr>	<flag_logic_tail>					
147	<chars_trap_gate>	=>	>=	<chars_expr>	<flag_logic_tail>					
148	<chars_trap_gate>	=>	<	<chars_expr>	<flag_logic_tail>					
149	<chars_trap_gate>	=>	>	<chars_expr>	<flag_logic_tail>					
150	<chars_expr>	=>	<chars_factor>	<chars_add_tail>						
151	<ret_flag>	=>	matches	(	<strict_datas_expr>	,	<strict_datas_expr>	)		
152	<ret_flag>	=>	toflag	(	<any_expr>	)				
153	<ret_flag>	=>	flag_lit							
154	<strict_datas_expr>	=>	[	<notation_val>	]					
155	<strict_datas_expr>	=>	<id>							
156	<notation_val>	=>	<array_element>							
157	<notation_val>	=>	id	<array_or_table>						
158	<notation_val>	=>	λ							
159	<array_element>	=>	piece_lit	<element_value_tail>						
160	<array_element>	=>	sip_lit	<element_value_tail>						
161	<array_element>	=>	flag_lit	<element_value_tail>						
162	<array_element>	=>	chars_lit	<element_value_tail>						
163	<array_element>	=>	[	<notation_val>	]	<element_value_tail>				
164	<element_value_tail>	=>	,	<array_element_id>						
165	<element_value_tail>	=>	λ							
166	<array_element_id>	=>	id	<element_value_tail>						
167	<array_element_id>	=>	<array_element>							
168	<array_element_id>		λ							
169	<array_or_table>	=>	,	<array_element_id>						
170	<array_or_table>	=>	=	<value>	;	<field_assignments>				
171	<array_or_table>	=>	λ							
172	<field_assignments>	=>	id	=	<value>	;	<field_assignments>			
173	<field_assignments>	=>	λ							
174	<univ_mult_tail>	=>	*	<univ_factor>	<univ_mult_tail>					
175	<univ_mult_tail>	=>	/	<univ_factor>	<univ_mult_tail>					
176	<univ_mult_tail>	=>	%	<univ_factor>	<univ_mult_tail>					
177	<univ_mult_tail>	=>	λ							
178	<univ_factor>	=>	<id>							
179	<univ_factor>	=>	<ret_piece>							
180	<univ_factor>	=>	<ret_sip>							
181	<univ_factor>	=>	<ret_chars>							
182	<univ_factor>	=>	<ret_flag>							
183	<univ_factor>	=>	(	<any_expr>	)					
184	<univ_add_tail>	=>	+	<univ_term>	<univ_add_tail>					
185	<univ_add_tail>	=>	-	<univ_term>	<univ_add_tail>					
186	<univ_add_tail>	=>	λ							
187	<univ_term>	=>	<univ_factor>	<univ_mult_tail>						
188	<univ_rel_gate>	=>	==	<univ_expr>	<flag_logic_tail>					
189	<univ_rel_gate>	=>	!=	<univ_expr>	<flag_logic_tail>					
190	<univ_rel_gate>	=>	<=	<univ_expr>	<flag_logic_tail>					
191	<univ_rel_gate>	=>	>=	<univ_expr>	<flag_logic_tail>					
192	<univ_rel_gate>	=>	<	<univ_expr>	<flag_logic_tail>					
193	<univ_rel_gate>	=>	>	<univ_expr>	<flag_logic_tail>					
194	<univ_rel_gate>	=>	and	<must_be_flag>						
195	<univ_rel_gate>	=>	or	<must_be_flag>						
196	<univ_rel_gate>	=>	λ							
197	<univ_expr>	=>	<univ_term>	<univ_add_tail>						
198	<paren_dispatch>	=>	<ret_piece>	<piece_mult_tail>	<piece_add_tail>	<piece_bridge>				
199	<paren_dispatch>	=>	<ret_sip>	<sip_mult_tail>	<sip_add_tail>	<sip_bridge>				
200	<paren_dispatch>	=>	<ret_chars>	<chars_add_tail>	<chars_bridge>					
201	<paren_dispatch>	=>	<ret_flag>	<flag_logic_tail>	<flag_closure>					
202	<paren_dispatch>	=>	<id>	<univ_mult_tail>	<univ_add_tail>	<univ_bridge>				
203	<paren_dispatch>	=>	(	<paren_dispatch>	<univ_closure>					
204	<paren_dispatch>	=>	not	<must_be_flag>	<flag_closure>					
205	<piece_bridge>	=>	)	<piece_mult_tail>	<piece_add_tail>	<piece_rel_gate>				
206	<piece_bridge>	=>	==	<piece_expr>	<flag_logic_tail>	<flag_closure>				
207	<piece_bridge>	=>	!=	<piece_expr>	<flag_logic_tail>	<flag_closure>				
208	<piece_bridge>	=>	<=	<piece_expr>	<flag_logic_tail>	<flag_closure>				
209	<piece_bridge>	=>	>=	<piece_expr>	<flag_logic_tail>	<flag_closure>				
210	<piece_bridge>	=>	<	<piece_expr>	<flag_logic_tail>	<flag_closure>				
211	<piece_bridge>	=>	>	<piece_expr>	<flag_logic_tail>	<flag_closure>				
212	<flag_closure>	=>	)	<flag_logic_tail>						
213	<sip_bridge>	=>	)	<sip_mult_tail>	<sip_add_tail>	<sip_rel_gate>				
214	<sip_bridge>	=>	==	<sip_expr>	<flag_logic_tail>	<flag_closure>				
215	<sip_bridge>	=>	!=	<sip_expr>	<flag_logic_tail>	<flag_closure>				
216	<sip_bridge>	=>	<=	<sip_expr>	<flag_logic_tail>	<flag_closure>				
217	<sip_bridge>	=>	>=	<sip_expr>	<flag_logic_tail>	<flag_closure>				
218	<sip_bridge>	=>	<	<sip_expr>	<flag_logic_tail>	<flag_closure>				
219	<sip_bridge>	=>	>	<sip_expr>	<flag_logic_tail>	<flag_closure>				
220	<sip_rel_gate>	=>	==	<sip_expr>	<flag_logic_tail>					
221	<sip_rel_gate>	=>	!=	<sip_expr>	<flag_logic_tail>					
222	<sip_rel_gate>	=>	<=	<sip_expr>	<flag_logic_tail>					
223	<sip_rel_gate>	=>	>=	<sip_expr>	<flag_logic_tail>					
224	<sip_rel_gate>	=>	<	<sip_expr>	<flag_logic_tail>					
225	<sip_rel_gate>	=>	>	<sip_expr>	<flag_logic_tail>					
226	<sip_rel_gate>	=>	λ							
227	<chars_bridge>	=>	)	<chars_add_tail>	<chars_rel_gate>					
228	<chars_bridge>	=>	==	<chars_expr>	<flag_logic_tail>	<flag_closure>				
229	<chars_bridge>	=>	<=	<chars_expr>	<flag_logic_tail>	<flag_closure>				
230	<chars_bridge>	=>	>=	<chars_expr>	<flag_logic_tail>	<flag_closure>				
231	<chars_bridge>	=>	<	<chars_expr>	<flag_logic_tail>	<flag_closure>				
232	<chars_bridge>	=>	>	<chars_expr>	<flag_logic_tail>	<flag_closure>				
233	<chars_bridge>	=>	!=	<chars_expr>	<flag_logic_tail>	<flag_closure>				
234	<chars_rel_gate>	=>	<=	<chars_expr>	<flag_logic_tail>					
235	<chars_rel_gate>	=>	>=	<chars_expr>	<flag_logic_tail>					
236	<chars_rel_gate>	=>	<	<chars_expr>	<flag_logic_tail>					
237	<chars_rel_gate>	=>	>	<chars_expr>	<flag_logic_tail>					
238	<chars_rel_gate>	=>	==	<chars_expr>	<flag_logic_tail>					
239	<chars_rel_gate>	=>	!=	<chars_expr>	<flag_logic_tail>					
240	<chars_rel_gate>	=>	λ							
241	<univ_bridge>	=>	)	<univ_mult_tail>	<univ_add_tail>	<univ_rel_gate>				
242	<univ_bridge>	=>	==	<univ_expr>	<flag_logic_tail>	<flag_closure>				
243	<univ_bridge>	=>	!=	<univ_expr>	<flag_logic_tail>	<flag_closure>				
244	<univ_bridge>	=>	<=	<univ_expr>	<flag_logic_tail>	<flag_closure>				
245	<univ_bridge>	=>	>=	<univ_expr>	<flag_logic_tail>	<flag_closure>				
246	<univ_bridge>	=>	<	<univ_expr>	<flag_logic_tail>	<flag_closure>				
247	<univ_bridge>	=>	>	<univ_expr>	<flag_logic_tail>	<flag_closure>				
248	<univ_closure>	=>	)	<univ_mult_tail>	<univ_add_tail>	<univ_rel_gate>				
249	<flag_after_paren>	=>	λ							
250	<ret_array>	=>	append	(	<strict_array_expr>	,	<value>	)		
251	<ret_array>	=>	sort	(	<strict_array_expr>	)				
252	<ret_array>	=>	reverse	(	<strict_array_expr>	)				
253	<ret_array>	=>	remove	(	<strict_array_expr>	,	<strict_piece_expr>	)		
254	<strict_array_expr>	=>	[	<array_element_id>	]					
255	<strict_array_expr>	=>	<id>							
256	<value_tail>	=>	<array_accessor>	<univ_mult_tail>	<univ_add_tail>	<univ_rel_gate>				
257	<value_tail>	=>	λ							
258	<array_accessor>	=>	[	<strict_piece_expr>	]	<accessor_tail>				
259	<accessor_tail>	=>	<array_accessor>							
260	<accessor_tail>	=>	<table_accessor>							
261	<accessor_tail>	=>	λ							
262	<table_accessor>	=>	:	id	<accessor_tail>					
263	<flavor_tail>	=>	,	<value>	<flavor_tail>					
264	<flavor_tail>	=>	λ							
265	<piece_inner_dispatch>	=>	<ret_piece>	<piece_mult_tail>	<piece_add_tail>	<piece_bridge_recurse>				
266	<piece_inner_dispatch>	=>	<id>	<piece_mult_tail>	<piece_add_tail>	<piece_bridge_recurse>				
267	<piece_inner_dispatch>	=>	(	<piece_inner_dispatch>	<piece_close_recurse>					
268	<piece_bridge_recurse>	=>	)							
269	<piece_close_recurse>	=>	)							
270	<strict_piece_mult_tail>	=>	*	<strict_piece_factor>	<strict_piece_mult_tail>					
271	<strict_piece_mult_tail>	=>	/	<strict_piece_factor>	<strict_piece_mult_tail>					
272	<strict_piece_mult_tail>	=>	%	<strict_piece_factor>	<strict_piece_mult_tail>					
273	<strict_piece_mult_tail>	=>	λ							
274	<strict_piece_add_tail>	=>	+	<strict_piece_term>	<strict_piece_add_tail>					
275	<strict_piece_add_tail>	=>	-	<strict_piece_term>	<strict_piece_add_tail>					
276	<strict_piece_add_tail>	=>	λ							
277	<piece_id_tail>	=>	,	id	<piece_ingredient_init>	<piece_id_tail>				
278	<piece_id_tail>	=>	λ							
279	<decl_type>	=>	<dimensions>	of	<array_declare>	;				
280	<dimensions>	=>	[	]	<dimensions_tail>					
281	<dimensions_tail>	=>	<dimensions>							
282	<dimensions_tail>	=>	λ							
283	<array_declare>	=>	id	<array_init>	<array_declare_tail>					
284	<array_init>	=>	=	<strict_array_expr>						
285	<array_init>	=>	λ							
286	<array_declare_tail>	=>	,	<array_declare>						
287	<array_declare_tail>	=>	λ							
288	<chars_decl>	=>	of	<chars_id>	;					
289	<chars_decl>	=>	<decl_type>							
290	<chars_id>	=>	id	<chars_ingredient_init>	<chars_id_tail>					
291	<chars_ingredient_init>	=>	=	<strict_chars_expr>						
292	<chars_ingredient_init>	=>	λ							
293	<chars_id_tail>	=>	,	id	<chars_ingredient_init>	<chars_id_tail>				
294	<chars_id_tail>	=>	λ							
295	<sip_decl>	=>	of	<sip_id>	;					
296	<sip_decl>	=>	<decl_type>							
297	<sip_id>	=>	id	<sip_ingredient_init>	<sip_id_tail>					
298	<sip_ingredient_init>	=>	=	<strict_sip_expr>						
299	<sip_ingredient_init>	=>	λ							
300	<sip_id_tail>	=>	,	id	<sip_ingredient_init>	<sip_id_tail>				
301	<sip_id_tail>	=>	λ							
302	<flag_decl>	=>	of	<flag_id>	;					
303	<flag_decl>	=>	<decl_type>							
304	<flag_id>	=>	id	<flag_ingredient_init>	<flag_id_tail>					
305	<flag_ingredient_init>	=>	=	<strict_flag_expr>						
306	<flag_ingredient_init>	=>	λ							
307	<strict_flag_expr>	=>	<strict_flag_term>	<strict_flag_or_tail>						
308	<strict_flag_term>	=>	<strict_flag_equality>	<strict_flag_and_tail>						
309	<strict_flag_equality>	=>	<strict_flag_factor>	<strict_flag_eq_tail>						
310	<strict_flag_factor>	=>	<ret_flag>							
311	<strict_flag_factor>	=>	not	<strict_flag_factor>						
312	<strict_flag_factor>	=>	<id>	<strict_id_master_tail>						
313	<strict_flag_factor>	=>	(	<strict_flag_paren_entry>						
314	<strict_flag_factor>	=>	<ret_piece>	<piece_mult_tail>	<piece_add_tail>	<strict_piece_gate>				
315	<strict_flag_factor>	=>	<ret_sip>	<sip_mult_tail>	<sip_add_tail>	<strict_sip_gate>				
316	<strict_flag_factor>	=>	<ret_chars>	<chars_add_tail>	<strict_chars_gate>					
317	<strict_id_master_tail>	=>	*	<univ_factor>	<univ_mult_tail>	<univ_add_tail>	<strict_forced_gate>			
318	<strict_id_master_tail>	=>	/	<univ_factor>	<univ_mult_tail>	<univ_add_tail>	<strict_forced_gate>			
319	<strict_id_master_tail>	=>	%	<univ_factor>	<univ_mult_tail>	<univ_add_tail>	<strict_forced_gate>			
320	<strict_id_master_tail>	=>	+	<univ_term>	<univ_add_tail>	<strict_forced_gate>				
321	<strict_id_master_tail>	=>	-	<univ_term>	<univ_add_tail>	<strict_forced_gate>				
322	<strict_id_master_tail>	=>	==	<univ_expr>						
323	<strict_id_master_tail>	=>	!=	<univ_expr>						
324	<strict_id_master_tail>	=>	<=	<comparable_expr>						
325	<strict_id_master_tail>	=>	>=	<comparable_expr>						
326	<strict_id_master_tail>	=>	<	<comparable_expr>						
327	<strict_id_master_tail>	=>	>	<comparable_expr>						
328	<strict_id_master_tail>	=>	λ							
329	<strict_forced_gate>	=>	==	<univ_expr>						
330	<strict_forced_gate>	=>	!=	<univ_expr>						
331	<strict_forced_gate>	=>	<=	<univ_expr>						
332	<strict_forced_gate>	=>	>=	<univ_expr>						
333	<strict_forced_gate>	=>	<	<univ_expr>						
334	<strict_forced_gate>	=>	>	<univ_expr>						
335	<comparable_expr>	=>	<comparable_term>	<comparable_add_tail>						
336	<comparable_term>	=>	<comparable_factor>	<comparable_mult_tail>						
337	<comparable_factor>	=>	<id>							
338	<comparable_factor>	=>	<ret_piece>							
339	<comparable_factor>	=>	<ret_sip>							
340	<comparable_factor>	=>	<ret_chars>							
341	<comparable_factor>	=>	(	<any_expr>	)					
342	<comparable_mult_tail>	=>	*	<comparable_factor>	<comparable_mult_tail>					
343	<comparable_mult_tail>	=>	/	<comparable_factor>	<comparable_mult_tail>					
344	<comparable_mult_tail>	=>	%	<comparable_factor>	<comparable_mult_tail>					
345	<comparable_mult_tail>	=>	λ							
346	<comparable_add_tail>	=>	+	<comparable_term>	<comparable_add_tail>					
347	<comparable_add_tail>	=>	-	<comparable_term>	<comparable_add_tail>					
348	<comparable_add_tail>	=>	λ							
349	<strict_flag_paren_entry>	=>	<ret_piece>	<piece_mult_tail>	<piece_add_tail>	<strict_paren_piece_bridge>				
350	<strict_flag_paren_entry>	=>	<ret_sip>	<sip_mult_tail>	<sip_add_tail>	<strict_paren_sip_bridge>				
351	<strict_flag_paren_entry>	=>	<ret_chars>	<chars_add_tail>	<strict_paren_chars_bridge>					
352	<strict_flag_paren_entry>	=>	<ret_flag>	<flag_logic_tail>	<strict_paren_flag_bridge>					
353	<strict_flag_paren_entry>	=>	not	<must_be_flag>	<strict_paren_flag_bridge>					
354	<strict_flag_paren_entry>	=>	<id>	<univ_mult_tail>	<univ_add_tail>	<strict_paren_univ_bridge>				
355	<strict_flag_paren_entry>	=>	(	<strict_flag_paren_entry>	<strict_paren_univ_bridge>					
356	<strict_paren_piece_bridge>	=>	)	<piece_mult_tail>	<piece_add_tail>	<strict_piece_gate>				
357	<strict_paren_piece_bridge>	=>	<strict_piece_gate>	<flag_logic_tail>	<strict_paren_flag_bridge>					
358	<strict_piece_gate>	=>	==	<piece_expr>						
359	<strict_piece_gate>	=>	!=	<piece_expr>						
360	<strict_piece_gate>	=>	<=	<piece_expr>						
361	<strict_piece_gate>	=>	>=	<piece_expr>						
362	<strict_piece_gate>	=>	<	<piece_expr>						
363	<strict_piece_gate>	=>	>	<piece_expr>						
364	<strict_paren_flag_bridge>	=>	)							
365	<strict_paren_sip_bridge>	=>	)	<sip_mult_tail>	<sip_add_tail>	<strict_sip_gate>				
366	<strict_paren_sip_bridge>	=>	<strict_sip_gate>	<flag_logic_tail>	<strict_paren_flag_bridge>					
367	<strict_sip_gate>	=>	==	<sip_expr>						
368	<strict_sip_gate>	=>	!=	<sip_expr>						
369	<strict_sip_gate>	=>	<=	<sip_expr>						
370	<strict_sip_gate>	=>	>=	<sip_expr>						
371	<strict_sip_gate>	=>	<	<sip_expr>						
372	<strict_sip_gate>	=>	>	<sip_expr>						
373	<strict_paren_chars_bridge>	=>	)	<chars_add_tail>	<strict_chars_gate>					
374	<strict_paren_chars_bridge>	=>	<strict_chars_gate>	<flag_logic_tail>	<strict_paren_flag_bridge>					
375	<strict_chars_gate>	=>	<=	<chars_expr>						
376	<strict_chars_gate>	=>	>=	<chars_expr>						
377	<strict_chars_gate>	=>	<	<chars_expr>						
378	<strict_chars_gate>	=>	>	<chars_expr>						
379	<strict_chars_gate>	=>	==	<chars_expr>						
380	<strict_chars_gate>	=>	!=	<chars_expr>						
381	<strict_paren_univ_bridge>	=>	)	<univ_mult_tail>	<univ_add_tail>	<strict_forced_gate>				
382	<strict_paren_univ_bridge>	=>	<strict_forced_gate>	<flag_logic_tail>	<strict_paren_flag_bridge>					
383	<strict_flag_eq_tail>	=>	==	<strict_flag_equality>						
384	<strict_flag_eq_tail>	=>	!=	<strict_flag_equality>						
385	<strict_flag_eq_tail>	=>	λ							
386	<strict_flag_and_tail>	=>	and	<strict_flag_equality>	<strict_flag_and_tail>					
387	<strict_flag_and_tail>	=>	λ							
388	<strict_flag_or_tail>	=>	or	<strict_flag_term>	<strict_flag_or_tail>					
389	<strict_flag_or_tail>	=>	λ							
390	<flag_id_tail>	=>	,	id	<flag_ingredient_init>	<flag_id_tail>				
391	<flag_id_tail>	=>	λ							
392	<table_prototype>	=>	table	of	id	=	[	<required_decl>	]	;
393	<required_decl>	=>	<decl_head>	;	<required_decl_tail>					
394	<decl_head>	=>	<primitive_types_dims>	of	id					
395	<primitive_types_dims>	=>	piece	<dimensions_tail>						
396	<primitive_types_dims>	=>	sip	<dimensions_tail>						
397	<primitive_types_dims>	=>	flag	<dimensions_tail>						
398	<primitive_types_dims>	=>	chars	<dimensions_tail>						
399	<primitive_types_dims>	=>	id	<dimensions_tail>						
400	<required_decl_tail>	=>	<required_decl>							
401	<required_decl_tail>	=>	λ							
402	<table_decl>	=>	of	<table_declare>	;					
403	<table_decl>	=>	<decl_type>							
404	<table_declare>	=>	id	<table_init>	<table_declare_tail>					
405	<table_init>	=>	=	<strict_table_expr>						
406	<table_init>	=>	λ							
407	<strict_table_expr>	=>	[	<field_assignments>	]					
408	<strict_table_expr>	=>	<id>							
409	<table_declare_tail>	=>	,	<table_declare>						
410	<table_declare_tail>	=>	λ							
411	<recipe_decl>	=>	prepare	<serve_type>	(	<spice>	)	<platter>	<recipe_decl>	
412	<recipe_decl>	=>	λ							
413	<serve_type>	=>	<decl_head>							
414	<spice>	=>	<decl_head>	<spice_tail>						
415	<spice>	=>	λ							
416	<spice_tail>	=>	,	<decl_head>	<spice_tail>					
417	<spice_tail>	=>	λ							
418	<platter>	=>	{	<local_decl>	<statements>	}				
419	<local_decl>	=>	piece	<piece_decl>	<local_decl>					
420	<local_decl>	=>	chars	<chars_decl>	<local_decl>					
421	<local_decl>	=>	sip	<sip_decl>	<local_decl>					
422	<local_decl>	=>	flag	<flag_decl>	<local_decl>					
423	<local_decl>	=>	id	<local_id_tail>						
424	<local_decl>	=>	λ							
425	<local_id_tail>	=>	of	<table_declare>	;	<local_decl>				
426	<local_id_tail>	=>	[	<]_tail>						
427	<local_id_tail>	=>	<table_accessor>	<assignment_op>	<value>	;	<statements>			
428	<local_id_tail>	=>	<assignment_op>	<value>	;	<statements>				
429	<local_id_tail>	=>	<tail1>	;	<statements>					
430	<]_tail>	=>	]	<dimensions_tail>	of	<array_declare>	;	<local_decl>		
431	<]_tail>	=>	<strict_piece_expr>	]	<accessor_tail>	<assignment_op>	<value>	;	<statements>	
432	<assignment_op>	=>	=							
433	<assignment_op>	=>	+=							
434	<assignment_op>	=>	-=							
435	<assignment_op>	=>	*=							
436	<assignment_op>	=>	/=							
437	<assignment_op>	=>	%=							
438	<statements>	=>	<id_statements>	<statements>						
439	<statements>	=>	<built-in_rec_call>	;	<statements>					
440	<statements>	=>	<conditional_st>	<statements>						
441	<statements>	=>	<looping_st>	<statements>						
442	<statements>	=>	<jump_serve>	<statements>						
443	<statements>	=>	λ							
444	<id_statements>	=>	id	<id_statements_ext>	<statements>					
445	<id_statements_ext>	=>	<tail1>	;						
446	<id_statements_ext>	=>	<assignment_st>							
447	<tail1>	=>	<call_tail>	<accessor_tail>						
448	<call_tail>	=>	(	<flavor>	)					
449	<assignment_st>	=>	<accessor_tail>	<assignment_op>	<value>	;				
450	<built-in_rec_call>	=>	<built-in_rec>							
451	<built-in_rec>	=>	append	(	<strict_array_expr>	,	<value>	)		
452	<built-in_rec>	=>	bill	(	<strict_chars_expr>	)				
453	<built-in_rec>	=>	copy	(	<strict_chars_expr>	,	<strict_piece_expr>	,	<strict_piece_expr>	)
454	<built-in_rec>	=>	cut	(	<strict_sip_expr>	,	<strict_sip_expr>	)		
455	<built-in_rec>	=>	fact	(	<strict_piece_expr>	)				
456	<built-in_rec>	=>	matches	(	<strict_datas_expr>	,	<strict_datas_expr>	)		
457	<built-in_rec>	=>	pow	(	<strict_piece_expr>	,	<strict_piece_expr>	)		
458	<built-in_rec>	=>	rand	(	)					
459	<built-in_rec>	=>	remove	(	<strict_array_expr>	,	<strict_piece_expr>	)		
460	<built-in_rec>	=>	reverse	(	<strict_array_expr>	)				
461	<built-in_rec>	=>	search	(	<strict_array_expr>	,	<value>	)		
462	<built-in_rec>	=>	size	(	<strict_array_expr>	)				
463	<built-in_rec>	=>	sort	(	<strict_array_expr>	)				
464	<built-in_rec>	=>	sqrt	(	<strict_piece_expr>	)				
465	<built-in_rec>	=>	take	(	)					
466	<built-in_rec>	=>	tochars	(	<any_expr>	)				
467	<built-in_rec>	=>	topiece	(	<any_expr>	)				
468	<built-in_rec>	=>	tosip	(	<any_expr>	)				
469	<conditional_st>	=>	<cond_check>							
470	<conditional_st>	=>	<cond_menu>							
471	<cond_check>	=>	check	(	<strict_flag_expr>	)	<platter>	<alt_clause>	<instead_clause>	
472	<alt_clause>	=>	alt	(	<strict_flag_expr>	)	<platter>	<alt_clause>		
473	<alt_clause>	=>	λ							
474	<instead_clause>	=>	instead	<platter>						
475	<instead_clause>	=>	λ							
476	<cond_menu>	=>	menu	(	<any_expr>	)	<menu_platter>			
477	<menu_platter>	=>	{	<choice_clause>	<usual_clause>	}				
478	<choice_clause>	=>	choice	<choice_val>	:	<statements_menu>	<choice_clause>			
479	<choice_clause>	=>	λ							
480	<choice_val>	=>	piece_lit							
481	<choice_val>	=>	chars_lit							
482	<statements_menu>	=>	<id_statements_menu>	<statements_menu>						
483	<statements_menu>	=>	<built-in_rec_call>	;	<statements_menu>					
484	<statements_menu>	=>	<conditional_st_menu>	<statements_menu>						
485	<statements_menu>	=>	<looping_st>	<statements_menu>						
486	<statements_menu>	=>	<jump_stop>	<statements_menu>						
487	<statements_menu>	=>	<jump_serve>	<statements_menu>						
488	<statements_menu>	=>	λ							
489	<id_statements_menu>	=>	id	<id_statements_ext>	<statements_menu>					
490	<conditional_st_menu>	=>	<cond_check_menu>							
491	<conditional_st_menu>	=>	<cond_menu>							
492	<cond_check_menu>	=>	check	(	<strict_flag_expr>	)	<menu_check_platter>	<alt_clause>	<instead_clause>	
493	<menu_check_platter>	=>	{	<local_decl_menu>	<statements_menu>	}				
494	<local_decl_menu>	=>	piece	<piece_decl>	<local_decl_menu>					
495	<local_decl_menu>	=>	chars	<chars_decl>	<local_decl_menu>					
496	<local_decl_menu>	=>	sip	<sip_decl>	<local_decl_menu>					
497	<local_decl_menu>	=>	flag	<flag_decl>	<local_decl_menu>					
498	<local_decl_menu>	=>	id	<local_id_tail_menu>						
499	<local_decl_menu>	=>	λ							
500	<local_id_tail_menu>	=>	of	<table_declare>	;	<local_decl_menu>				
501	<local_id_tail_menu>	=>	[	<]_tail_menu>						
502	<local_id_tail_menu>	=>	<table_accessor>	<assignment_op>	<value>	;	<statements_menu>			
503	<local_id_tail_menu>	=>	<assignment_op>	<value>	;	<statements_menu>				
504	<local_id_tail_menu>	=>	<tail1>	;	<statements_menu>					
505	<]_tail_menu>	=>	]	<dimensions_tail>	of	<table_declare>	;	<local_decl_menu>		
506	<]_tail_menu>	=>	<strict_piece_expr>	]	<accessor_tail>	<assignment_op>	<value>	;	<statements_menu>	
507	<looping_st>	=>	<loop_pass>							
508	<looping_st>	=>	<loop_repeat>							
509	<looping_st>	=>	<loop_order>							
510	<loop_pass>	=>	pass	(	<initialization>	<update>	<strict_flag_expr>	)	<loop_platter>	
511	<initialization>	=>	id	<loop_init>	;					
512	<loop_init>	=>	=	<strict_piece_expr>						
513	<loop_init>	=>	λ							
514	<update>	=>	id	<assignment_st>						
515	<loop_platter>	=>	{	<local_decl_loop>	<statements_loop>	}				
516	<local_decl_loop>	=>	piece	<piece_decl>	<local_decl_loop>					
517	<local_decl_loop>	=>	chars	<chars_decl>	<local_decl_loop>					
518	<local_decl_loop>	=>	sip	<sip_decl>	<local_decl_loop>					
519	<local_decl_loop>	=>	flag	<flag_decl>	<local_decl_loop>					
520	<local_decl_loop>	=>	id	<local_id_tail_loop>						
521	<local_decl_loop>	=>	λ							
522	<local_id_tail_loop>	=>	of	<table_declare>	;	<local_decl_loop>				
523	<local_id_tail_loop>	=>	[	<]_tail_loop>						
524	<local_id_tail_loop>	=>	<table_accessor>	<assignment_op>	<value>	;	<statements_loop>			
525	<local_id_tail_loop>	=>	<assignment_op>	<value>	;	<statements_loop>				
526	<local_id_tail_loop>	=>	<tail1>	;	<statements_loop>					
527	<]_tail_loop>	=>	]	<dimensions_tail>	of	<table_declare>	;	<local_decl_loop>		
528	<]_tail_loop>	=>	<strict_piece_expr>	]	<accessor_tail>	<assignment_op>	<value>	;	<statements_loop>	
529	<statements_loop>	=>	<id_statements_loop>	<statements_loop>						
530	<statements_loop>	=>	<built-in_rec_call>	;	<statements_loop>					
531	<statements_loop>	=>	<conditional_st_loop>	<statements_loop>						
532	<statements_loop>	=>	<looping_st>	<statements_loop>						
533	<statements_loop>	=>	<jump_st>	<statements_loop>						
534	<statements_loop>	=>	λ							
535	<id_statements_loop>	=>	id	<id_statements_ext>	<statements_loop>					
536	<conditional_st_loop>	=>	<cond_check_loop>							
537	<conditional_st_loop>	=>	<cond_menu_loop>							
538	<cond_check_loop>	=>	check	(	<strict_flag_expr>	)	<loop_platter>	<alt_clause_loop>	<instead_clause_loop>	
539	<alt_clause_loop>	=>	alt	(	<strict_flag_expr>	)	<loop_platter>	<alt_clause_loop>		
540	<alt_clause_loop>	=>	λ							
541	<instead_clause_loop>	=>	instead	<loop_platter>						
542	<instead_clause_loop>	=>	λ							
543	<cond_menu_loop>	=>	menu	(	<any_expr>	)	<menu_loop_platter>			
544	<menu_loop_platter>	=>	{	<choice_clause_loop>	<usual_clause_loop>	}				
545	<choice_clause_loop>	=>	choice	<choice_val>	:	<statements_loop>	<choice_clause_loop>			
546	<choice_clause_loop>	=>	λ							
547	<usual_clause_loop>	=>	usual	:	<statements_loop>					
548	<usual_clause_loop>	=>	λ							
549	<jump_st>	=>	<jump_next>							
550	<jump_st>	=>	<jump_stop>							
551	<jump_st>	=>	<jump_serve>							
552	<jump_next>	=>	next	;						
553	<jump_stop>	=>	stop	;						
554	<jump_serve>	=>	serve	<value>	;					
555	<loop_repeat>	=>	repeat	(	<strict_flag_expr>	)	<loop_platter>			
556	<loop_order>	=>	order	<loop_platter>	repeat	(	<strict_flag_expr>	)	;	
557	<usual_clause>	=>	usual	:	<statements_menu>					
558	<usual_clause>	=>	λ							